timestamp,bbox_cx,bbox_cy,frame_cx,frame_cy,error_x,error_y,deadband,in_deadband_x,in_deadband_y,raw_delta_pan,raw_delta_tilt,delta_pan,delta_tilt,pan_angle,tilt_angle
2025-12-17 23:21:50.081,256,239,320.0,240.0,-64.0,-1.0,25,False,True,-1.280,0.020,-1.280,0.000,45.0,45.0
2025-12-17 23:21:50.351,288,239,320.0,240.0,-32.0,-1.0,25,False,True,-0.640,0.020,-0.640,0.000,44.3,45.0
2025-12-17 23:21:50.461,282,239,320.0,240.0,-38.0,-1.0,25,False,True,-0.760,0.020,-0.760,0.000,43.6,45.0
2025-12-17 23:21:50.670,285,239,320.0,240.0,-35.0,-1.0,25,False,True,-0.700,0.020,-0.700,0.000,42.9,45.0
2025-12-17 23:21:51.242,292,239,320.0,240.0,-28.0,-1.0,25,False,True,-0.560,0.020,-0.560,0.000,42.3,45.0
2025-12-17 23:21:51.690,312,239,320.0,240.0,-8.0,-1.0,25,True,True,-0.160,0.020,0.000,0.000,42.3,45.0
2025-12-17 23:21:51.791,305,239,320.0,240.0,-15.0,-1.0,25,True,True,-0.300,0.020,0.000,0.000,42.3,45.0
2025-12-17 23:21:52.292,305,239,320.0,240.0,-15.0,-1.0,25,True,True,-0.300,0.020,0.000,0.000,42.3,45.0
2025-12-17 23:21:52.695,305,239,320.0,240.0,-15.0,-1.0,25,True,True,-0.300,0.020,0.000,0.000,42.3,45.0
2025-12-17 23:21:52.890,302,239,320.0,240.0,-18.0,-1.0,25,True,True,-0.360,0.020,0.000,0.000,42.3,45.0
2025-12-17 23:21:52.991,304,239,320.0,240.0,-16.0,-1.0,25,True,True,-0.320,0.020,0.000,0.000,42.3,45.0
2025-12-17 23:21:53.192,303,240,320.0,240.0,-17.0,0.0,25,True,True,-0.340,-0.000,0.000,0.000,42.3,45.0
2025-12-17 23:21:53.291,309,240,320.0,240.0,-11.0,0.0,25,True,True,-0.220,-0.000,0.000,0.000,42.3,45.0
2025-12-17 23:21:53.991,310,238,320.0,240.0,-10.0,-2.0,25,True,True,-0.200,0.040,0.000,0.000,42.3,45.0
2025-12-17 23:21:56.600,475,239,320.0,240.0,155.0,-1.0,25,False,True,3.100,0.020,3.000,0.000,45.3,45.0
2025-12-17 23:21:56.960,560,239,320.0,240.0,240.0,-1.0,25,False,True,4.800,0.020,3.000,0.000,48.3,45.0
2025-12-17 23:21:57.321,565,240,320.0,240.0,245.0,0.0,25,False,True,4.900,-0.000,3.000,0.000,51.3,45.0
2025-12-17 23:21:57.683,524,239,320.0,240.0,204.0,-1.0,25,False,True,4.080,0.020,3.000,0.000,54.3,45.0
2025-12-17 23:21:58.044,456,240,320.0,240.0,136.0,0.0,25,False,True,2.720,-0.000,2.720,0.000,57.0,45.0
2025-12-17 23:21:59.181,369,217,320.0,240.0,49.0,-23.0,25,False,True,0.980,0.460,0.980,0.000,58.0,45.0
2025-12-17 23:22:00.129,345,226,320.0,240.0,25.0,-14.0,25,True,True,0.500,0.280,0.000,0.000,58.0,45.0
2025-12-17 23:22:00.353,357,227,320.0,240.0,37.0,-13.0,25,False,True,0.740,0.260,0.740,0.000,58.7,45.0
2025-12-17 23:22:00.656,386,216,320.0,240.0,66.0,-24.0,25,False,True,1.320,0.480,1.320,0.000,60.1,45.0
2025-12-17 23:22:01.175,291,56,320.0,240.0,-29.0,-184.0,25,False,False,-0.580,3.680,-0.580,3.000,59.5,48.0
2025-12-17 23:22:01.471,444,216,320.0,240.0,124.0,-24.0,25,False,True,2.480,0.480,2.480,0.000,62.0,48.0
2025-12-17 23:22:01.926,453,228,320.0,240.0,133.0,-12.0,25,False,True,2.660,0.240,2.660,0.000,64.6,48.0
2025-12-17 23:22:02.286,497,242,320.0,240.0,177.0,2.0,25,False,True,3.540,-0.040,3.000,0.000,67.6,48.0
2025-12-17 23:22:02.642,482,239,320.0,240.0,162.0,-1.0,25,False,True,3.240,0.020,3.000,0.000,70.6,48.0
2025-12-17 23:22:02.997,476,239,320.0,240.0,156.0,-1.0,25,False,True,3.120,0.020,3.000,0.000,73.6,48.0
2025-12-17 23:22:03.353,566,237,320.0,240.0,246.0,-3.0,25,False,True,4.920,0.060,3.000,0.000,76.6,48.0
2025-12-17 23:22:03.655,429,240,320.0,240.0,109.0,0.0,25,False,True,2.180,-0.000,2.180,0.000,78.8,48.0
2025-12-17 23:22:03.950,429,239,320.0,240.0,109.0,-1.0,25,False,True,2.180,0.020,2.180,0.000,81.0,48.0
2025-12-17 23:22:04.245,384,239,320.0,240.0,64.0,-1.0,25,False,True,1.280,0.020,1.280,0.000,82.3,48.0
2025-12-17 23:22:04.480,393,239,320.0,240.0,73.0,-1.0,25,False,True,1.460,0.020,1.460,0.000,83.7,48.0
2025-12-17 23:22:04.780,410,239,320.0,240.0,90.0,-1.0,25,False,True,1.800,0.020,1.800,0.000,85.5,48.0
2025-12-17 23:22:05.135,498,239,320.0,240.0,178.0,-1.0,25,False,True,3.560,0.020,3.000,0.000,88.5,48.0
2025-12-17 23:22:05.533,431,238,320.0,240.0,111.0,-2.0,25,False,True,2.220,0.040,2.220,0.000,90.8,48.0
2025-12-17 23:22:05.746,282,238,320.0,240.0,-38.0,-2.0,25,False,True,-0.760,0.040,-0.760,0.000,90.0,48.0
2025-12-17 23:22:05.979,351,238,320.0,240.0,31.0,-2.0,25,False,True,0.620,0.040,0.620,0.000,90.6,48.0
2025-12-17 23:22:06.335,504,239,320.0,240.0,184.0,-1.0,25,False,True,3.680,0.020,3.000,0.000,93.6,48.0
2025-12-17 23:22:06.451,284,239,320.0,240.0,-36.0,-1.0,25,False,True,-0.720,0.020,-0.720,0.000,92.9,48.0
2025-12-17 23:22:06.500,295,239,320.0,240.0,-25.0,-1.0,25,True,True,-0.500,0.020,0.000,0.000,92.9,48.0
2025-12-17 23:22:06.673,272,239,320.0,240.0,-48.0,-1.0,25,False,True,-0.960,0.020,-0.960,0.000,91.9,48.0
2025-12-17 23:22:06.722,327,239,320.0,240.0,7.0,-1.0,25,True,True,0.140,0.020,0.000,0.000,91.9,48.0
2025-12-17 23:22:07.046,286,239,320.0,240.0,-34.0,-1.0,25,False,True,-0.680,0.020,-0.680,0.000,91.2,48.0
2025-12-17 23:22:07.402,479,239,320.0,240.0,159.0,-1.0,25,False,True,3.180,0.020,3.000,0.000,94.2,48.0
2025-12-17 23:22:07.579,255,239,320.0,240.0,-65.0,-1.0,25,False,True,-1.300,0.020,-1.300,0.000,93.0,48.0
2025-12-17 23:22:07.692,263,239,320.0,240.0,-57.0,-1.0,25,False,True,-1.140,0.020,-1.140,0.000,91.8,48.0
2025-12-17 23:22:07.742,309,238,320.0,240.0,-11.0,-2.0,25,True,True,-0.220,0.040,0.000,0.000,91.8,48.0
2025-12-17 23:22:07.841,305,238,320.0,240.0,-15.0,-2.0,25,True,True,-0.300,0.040,0.000,0.000,91.8,48.0
2025-12-17 23:22:08.169,222,239,320.0,240.0,-98.0,-1.0,25,False,True,-1.960,0.020,-1.960,0.000,89.9,48.0
2025-12-17 23:22:09.432,100,214,320.0,240.0,-220.0,-26.0,25,False,False,-4.400,0.520,-3.000,0.520,86.9,48.5
2025-12-17 23:22:14.480,50,88,320.0,240.0,-270.0,-152.0,25,False,False,-5.400,3.040,-3.000,3.000,83.9,51.5
2025-12-17 23:22:14.716,77,240,320.0,240.0,-243.0,0.0,25,False,True,-4.860,-0.000,-3.000,0.000,80.9,51.5
2025-12-17 23:22:15.258,97,110,320.0,240.0,-223.0,-130.0,25,False,False,-4.460,2.600,-3.000,2.600,77.9,54.1
2025-12-17 23:22:15.501,132,239,320.0,240.0,-188.0,-1.0,25,False,True,-3.760,0.020,-3.000,0.000,74.9,54.1
2025-12-17 23:22:15.683,185,239,320.0,240.0,-135.0,-1.0,25,False,True,-2.700,0.020,-2.700,0.000,72.2,54.1
2025-12-17 23:22:15.923,196,238,320.0,240.0,-124.0,-2.0,25,False,True,-2.480,0.040,-2.480,0.000,69.7,54.1
2025-12-17 23:22:16.099,233,237,320.0,240.0,-87.0,-3.0,25,False,True,-1.740,0.060,-1.740,0.000,67.9,54.1
2025-12-17 23:22:16.217,244,238,320.0,240.0,-76.0,-2.0,25,False,True,-1.520,0.040,-1.520,0.000,66.4,54.1
2025-12-17 23:22:16.577,281,106,320.0,240.0,-39.0,-134.0,25,False,False,-0.780,2.680,-0.780,2.680,65.6,56.8
2025-12-17 23:22:16.690,284,227,320.0,240.0,-36.0,-13.0,25,False,True,-0.720,0.260,-0.720,0.000,64.9,56.8
2025-12-17 23:22:16.864,282,237,320.0,240.0,-38.0,-3.0,25,False,True,-0.760,0.060,-0.760,0.000,64.2,56.8
2025-12-17 23:22:16.978,280,239,320.0,240.0,-40.0,-1.0,25,False,True,-0.800,0.020,-0.800,0.000,63.4,56.8
2025-12-17 23:22:17.098,280,239,320.0,240.0,-40.0,-1.0,25,False,True,-0.800,0.020,-0.800,0.000,62.6,56.8
2025-12-17 23:22:17.212,270,240,320.0,240.0,-50.0,0.0,25,False,True,-1.000,-0.000,-1.000,0.000,61.6,56.8
2025-12-17 23:22:17.263,315,239,320.0,240.0,-5.0,-1.0,25,True,True,-0.100,0.020,0.000,0.000,61.6,56.8
2025-12-17 23:22:17.360,304,240,320.0,240.0,-16.0,0.0,25,True,True,-0.320,-0.000,0.000,0.000,61.6,56.8
2025-12-17 23:22:17.585,294,240,320.0,240.0,-26.0,0.0,25,False,True,-0.520,-0.000,-0.520,0.000,61.0,56.8
2025-12-17 23:22:17.634,301,238,320.0,240.0,-19.0,-2.0,25,True,True,-0.380,0.040,0.000,0.000,61.0,56.8
2025-12-17 23:22:17.800,286,237,320.0,240.0,-34.0,-3.0,25,False,True,-0.680,0.060,-0.680,0.000,60.4,56.8
2025-12-17 23:22:17.914,258,239,320.0,240.0,-62.0,-1.0,25,False,True,-1.240,0.020,-1.240,0.000,59.1,56.8
2025-12-17 23:22:18.131,272,238,320.0,240.0,-48.0,-2.0,25,False,True,-0.960,0.040,-0.960,0.000,58.2,56.8
2025-12-17 23:22:18.243,282,239,320.0,240.0,-38.0,-1.0,25,False,True,-0.760,0.020,-0.760,0.000,57.4,56.8
2025-12-17 23:22:18.725,186,175,320.0,240.0,-134.0,-65.0,25,False,False,-2.680,1.300,-2.680,1.300,54.7,58.1
2025-12-17 23:22:19.218,200,84,320.0,240.0,-120.0,-156.0,25,False,False,-2.400,3.120,-2.400,3.000,52.3,61.1
2025-12-17 23:22:24.639,218,97,320.0,240.0,-102.0,-143.0,25,False,False,-2.040,2.860,-2.040,2.860,50.3,64.0
2025-12-17 23:22:25.220,242,92,320.0,240.0,-78.0,-148.0,25,False,False,-1.560,2.960,-1.560,2.960,48.7,66.9
2025-12-17 23:22:25.519,284,211,320.0,240.0,-36.0,-29.0,25,False,False,-0.720,0.580,-0.720,0.580,48.0,67.5
2025-12-17 23:22:25.878,289,210,320.0,240.0,-31.0,-30.0,25,False,False,-0.620,0.600,-0.620,0.600,47.4,68.1
2025-12-17 23:22:26.114,275,212,320.0,240.0,-45.0,-28.0,25,False,False,-0.900,0.560,-0.900,0.560,46.5,68.7
2025-12-17 23:22:26.414,277,210,320.0,240.0,-43.0,-30.0,25,False,False,-0.860,0.600,-0.860,0.600,45.6,69.3
2025-12-17 23:22:26.588,297,213,320.0,240.0,-23.0,-27.0,25,True,False,-0.460,0.540,0.000,0.540,45.6,69.8
2025-12-17 23:22:26.824,296,214,320.0,240.0,-24.0,-26.0,25,True,False,-0.480,0.520,0.000,0.520,45.6,70.3
2025-12-17 23:22:27.124,294,212,320.0,240.0,-26.0,-28.0,25,False,False,-0.520,0.560,-0.520,0.560,45.1,70.9
2025-12-17 23:22:27.425,285,197,320.0,240.0,-35.0,-43.0,25,False,False,-0.700,0.860,-0.700,0.860,44.4,71.7
2025-12-17 23:22:27.828,275,196,320.0,240.0,-45.0,-44.0,25,False,False,-0.900,0.880,-0.900,0.880,43.5,72.6
2025-12-17 23:22:30.476,116,106,320.0,240.0,-204.0,-134.0,25,False,False,-4.080,2.680,-3.000,2.680,40.5,75.3
2025-12-17 23:22:31.145,556,95,320.0,240.0,236.0,-145.0,25,False,False,4.720,2.900,3.000,2.900,43.5,78.2
2025-12-17 23:22:31.814,457,99,320.0,240.0,137.0,-141.0,25,False,False,2.740,2.820,2.740,2.820,46.2,81.0
2025-12-17 23:22:32.356,416,100,320.0,240.0,96.0,-140.0,25,False,False,1.920,2.800,1.920,2.800,48.2,83.8
2025-12-17 23:22:32.902,388,97,320.0,240.0,68.0,-143.0,25,False,False,1.360,2.860,1.360,2.860,49.5,86.7
2025-12-17 23:22:33.445,382,92,320.0,240.0,62.0,-148.0,25,False,False,1.240,2.960,1.240,2.960,50.8,89.6
2025-12-17 23:22:33.986,370,85,320.0,240.0,50.0,-155.0,25,False,False,1.000,3.100,1.000,3.000,51.8,92.6
2025-12-17 23:22:36.189,405,81,320.0,240.0,85.0,-159.0,25,False,False,1.700,3.180,1.700,3.000,53.5,95.6
2025-12-17 23:22:36.549,344,82,320.0,240.0,24.0,-158.0,25,True,False,0.480,3.160,0.000,3.000,53.5,98.6
2025-12-17 23:22:36.907,340,83,320.0,240.0,20.0,-157.0,25,True,False,0.400,3.140,0.000,3.000,53.5,101.6
2025-12-17 23:22:37.263,339,86,320.0,240.0,19.0,-154.0,25,True,False,0.380,3.080,0.000,3.000,53.5,104.6
2025-12-17 23:22:37.617,341,86,320.0,240.0,21.0,-154.0,25,True,False,0.420,3.080,0.000,3.000,53.5,107.6
2025-12-17 23:22:37.973,339,86,320.0,240.0,19.0,-154.0,25,True,False,0.380,3.080,0.000,3.000,53.5,110.6
2025-12-17 23:22:38.331,340,86,320.0,240.0,20.0,-154.0,25,True,False,0.400,3.080,0.000,3.000,53.5,113.6
2025-12-17 23:22:38.692,344,82,320.0,240.0,24.0,-158.0,25,True,False,0.480,3.160,0.000,3.000,53.5,116.6
2025-12-17 23:22:39.171,346,81,320.0,240.0,26.0,-159.0,25,False,False,0.520,3.180,0.520,3.000,54.0,119.6
2025-12-17 23:22:39.710,355,82,320.0,240.0,35.0,-158.0,25,False,False,0.700,3.160,0.700,3.000,54.7,122.6
2025-12-17 23:22:41.753,357,80,320.0,240.0,37.0,-160.0,25,False,False,0.740,3.200,0.740,3.000,55.4,125.6
2025-12-17 23:22:42.111,331,78,320.0,240.0,11.0,-162.0,25,True,False,0.220,3.240,0.000,3.000,55.4,128.6
2025-12-17 23:22:42.465,332,79,320.0,240.0,12.0,-161.0,25,True,False,0.240,3.220,0.000,3.000,55.4,131.6
2025-12-17 23:22:42.819,331,81,320.0,240.0,11.0,-159.0,25,True,False,0.220,3.180,0.000,3.000,55.4,134.6
2025-12-17 23:22:43.052,333,80,320.0,240.0,13.0,-160.0,25,True,False,0.260,3.200,0.000,3.000,55.4,135.0
2025-12-17 23:22:44.625,337,78,320.0,240.0,17.0,-162.0,25,True,False,0.340,3.240,0.000,3.000,55.4,135.0
2025-12-17 23:22:44.899,337,78,320.0,240.0,17.0,-162.0,25,True,False,0.340,3.240,0.000,3.000,55.4,135.0
2025-12-17 23:22:45.171,338,78,320.0,240.0,18.0,-162.0,25,True,False,0.360,3.240,0.000,3.000,55.4,135.0
2025-12-17 23:22:45.344,338,78,320.0,240.0,18.0,-162.0,25,True,False,0.360,3.240,0.000,3.000,55.4,135.0
2025-12-17 23:22:47.262,431,68,320.0,240.0,111.0,-172.0,25,False,False,2.220,3.440,2.220,3.000,57.6,135.0
2025-12-17 23:22:47.745,446,63,320.0,240.0,126.0,-177.0,25,False,False,2.520,3.540,2.520,3.000,60.2,135.0
2025-12-17 23:22:48.105,410,66,320.0,240.0,90.0,-174.0,25,False,False,1.800,3.480,1.800,3.000,62.0,135.0
2025-12-17 23:22:48.526,422,69,320.0,240.0,102.0,-171.0,25,False,False,2.040,3.420,2.040,3.000,64.0,135.0
2025-12-17 23:22:49.044,388,69,320.0,240.0,68.0,-171.0,25,False,False,1.360,3.420,1.360,3.000,65.4,135.0
2025-12-17 23:22:49.700,373,68,320.0,240.0,53.0,-172.0,25,False,False,1.060,3.440,1.060,3.000,66.4,135.0
2025-12-17 23:22:50.157,362,69,320.0,240.0,42.0,-171.0,25,False,False,0.840,3.420,0.840,3.000,67.3,135.0
2025-12-17 23:22:50.454,357,68,320.0,240.0,37.0,-172.0,25,False,False,0.740,3.440,0.740,3.000,68.0,135.0
2025-12-17 23:22:50.812,366,70,320.0,240.0,46.0,-170.0,25,False,False,0.920,3.400,0.920,3.000,68.9,135.0
2025-12-17 23:22:51.171,346,68,320.0,240.0,26.0,-172.0,25,False,False,0.520,3.440,0.520,3.000,69.4,135.0
2025-12-17 23:22:52.744,328,60,320.0,240.0,8.0,-180.0,25,True,False,0.160,3.600,0.000,3.000,69.4,135.0
2025-12-17 23:22:53.616,319,69,320.0,240.0,-1.0,-171.0,25,True,False,-0.020,3.420,0.000,3.000,69.4,135.0
2025-12-17 23:22:53.788,307,80,320.0,240.0,-13.0,-160.0,25,True,False,-0.260,3.200,0.000,3.000,69.4,135.0
2025-12-17 23:22:54.024,254,99,320.0,240.0,-66.0,-141.0,25,False,False,-1.320,2.820,-1.320,2.820,68.1,135.0
2025-12-17 23:22:54.322,223,114,320.0,240.0,-97.0,-126.0,25,False,False,-1.940,2.520,-1.940,2.520,66.2,135.0
2025-12-17 23:22:54.557,272,87,320.0,240.0,-48.0,-153.0,25,False,False,-0.960,3.060,-0.960,3.000,65.2,135.0
2025-12-17 23:22:54.729,302,63,320.0,240.0,-18.0,-177.0,25,True,False,-0.360,3.540,0.000,3.000,65.2,135.0
2025-12-17 23:22:54.901,300,63,320.0,240.0,-20.0,-177.0,25,True,False,-0.400,3.540,0.000,3.000,65.2,135.0
2025-12-17 23:22:55.298,259,92,320.0,240.0,-61.0,-148.0,25,False,False,-1.220,2.960,-1.220,2.960,64.0,135.0
2025-12-17 23:22:55.533,221,141,320.0,240.0,-99.0,-99.0,25,False,False,-1.980,1.980,-1.980,1.980,62.0,135.0
2025-12-17 23:22:55.829,255,208,320.0,240.0,-65.0,-32.0,25,False,False,-1.300,0.640,-1.300,0.640,60.7,135.0
2025-12-17 23:22:55.877,312,239,320.0,240.0,-8.0,-1.0,25,True,True,-0.160,0.020,0.000,0.000,60.7,135.0
2025-12-17 23:22:55.978,298,239,320.0,240.0,-22.0,-1.0,25,True,True,-0.440,0.020,0.000,0.000,60.7,135.0
2025-12-17 23:22:56.204,280,268,320.0,240.0,-40.0,28.0,25,False,False,-0.800,-0.560,-0.800,-0.560,59.9,134.4
2025-12-17 23:22:56.252,304,264,320.0,240.0,-16.0,24.0,25,True,True,-0.320,-0.480,0.000,0.000,59.9,134.4
2025-12-17 23:22:56.723,106,172,320.0,240.0,-214.0,-68.0,25,False,False,-4.280,1.360,-3.000,1.360,56.9,135.0
2025-12-17 23:22:56.776,297,257,320.0,240.0,-23.0,17.0,25,True,True,-0.460,-0.340,0.000,0.000,56.9,135.0
2025-12-17 23:22:56.871,300,256,320.0,240.0,-20.0,16.0,25,True,True,-0.400,-0.320,0.000,0.000,56.9,135.0
2025-12-17 23:22:57.095,285,254,320.0,240.0,-35.0,14.0,25,False,True,-0.700,-0.280,-0.700,0.000,56.2,135.0
2025-12-17 23:22:57.268,255,239,320.0,240.0,-65.0,-1.0,25,False,True,-1.300,0.020,-1.300,0.000,54.9,135.0
2025-12-17 23:22:57.565,282,309,320.0,240.0,-38.0,69.0,25,False,False,-0.760,-1.380,-0.760,-1.380,54.2,133.6
2025-12-17 23:22:57.982,204,190,320.0,240.0,-116.0,-50.0,25,False,False,-2.320,1.000,-2.320,1.000,51.8,134.6
2025-12-17 23:22:58.094,276,240,320.0,240.0,-44.0,0.0,25,False,True,-0.880,-0.000,-0.880,0.000,51.0,134.6
2025-12-17 23:22:58.206,268,240,320.0,240.0,-52.0,0.0,25,False,True,-1.040,-0.000,-1.040,0.000,49.9,134.6
2025-12-17 23:22:58.381,277,239,320.0,240.0,-43.0,-1.0,25,False,True,-0.860,0.020,-0.860,0.000,49.1,134.6
2025-12-17 23:22:58.498,280,237,320.0,240.0,-40.0,-3.0,25,False,True,-0.800,0.060,-0.800,0.000,48.3,134.6
2025-12-17 23:22:58.616,278,239,320.0,240.0,-42.0,-1.0,25,False,True,-0.840,0.020,-0.840,0.000,47.4,134.6
2025-12-17 23:22:58.735,265,245,320.0,240.0,-55.0,5.0,25,False,True,-1.100,-0.100,-1.100,0.000,46.3,134.6
2025-12-17 23:22:58.786,312,240,320.0,240.0,-8.0,0.0,25,True,True,-0.160,-0.000,0.000,0.000,46.3,134.6
2025-12-17 23:22:58.946,294,238,320.0,240.0,-26.0,-2.0,25,False,True,-0.520,0.040,-0.520,0.000,45.8,134.6
2025-12-17 23:22:58.995,312,242,320.0,240.0,-8.0,2.0,25,True,True,-0.160,-0.040,0.000,0.000,45.8,134.6
2025-12-17 23:22:59.094,335,239,320.0,240.0,15.0,-1.0,25,True,True,0.300,0.020,0.000,0.000,45.8,134.6
2025-12-17 23:22:59.194,317,241,320.0,240.0,-3.0,1.0,25,True,True,-0.060,-0.020,0.000,0.000,45.8,134.6
2025-12-17 23:22:59.294,330,243,320.0,240.0,10.0,3.0,25,True,True,0.200,-0.060,0.000,0.000,45.8,134.6
2025-12-17 23:22:59.582,351,242,320.0,240.0,31.0,2.0,25,False,True,0.620,-0.040,0.620,0.000,46.4,134.6
2025-12-17 23:22:59.729,297,237,320.0,240.0,-23.0,-3.0,25,True,True,-0.460,0.060,0.000,0.000,46.4,134.6
2025-12-17 23:22:59.893,290,236,320.0,240.0,-30.0,-4.0,25,False,True,-0.600,0.080,-0.600,0.000,45.8,134.6
2025-12-17 23:22:59.940,295,238,320.0,240.0,-25.0,-2.0,25,True,True,-0.500,0.040,0.000,0.000,45.8,134.6
2025-12-17 23:23:00.225,360,236,320.0,240.0,40.0,-4.0,25,False,True,0.800,0.080,0.800,0.000,46.6,134.6
2025-12-17 23:23:00.637,283,236,320.0,240.0,-37.0,-4.0,25,False,True,-0.740,0.080,-0.740,0.000,45.9,134.6
2025-12-17 23:23:00.886,315,234,320.0,240.0,-5.0,-6.0,25,True,True,-0.100,0.120,0.000,0.000,45.9,134.6
2025-12-17 23:23:01.049,248,235,320.0,240.0,-72.0,-5.0,25,False,True,-1.440,0.100,-1.440,0.000,44.4,134.6
2025-12-17 23:23:01.097,328,236,320.0,240.0,8.0,-4.0,25,True,True,0.160,0.080,0.000,0.000,44.4,134.6
2025-12-17 23:23:01.197,334,237,320.0,240.0,14.0,-3.0,25,True,True,0.280,0.060,0.000,0.000,44.4,134.6
2025-12-17 23:23:01.360,252,235,320.0,240.0,-68.0,-5.0,25,False,True,-1.360,0.100,-1.360,0.000,43.1,134.6
2025-12-17 23:23:01.532,249,223,320.0,240.0,-71.0,-17.0,25,False,True,-1.420,0.340,-1.420,0.000,41.7,134.6
2025-12-17 23:23:01.582,331,224,320.0,240.0,11.0,-16.0,25,True,True,0.220,0.320,0.000,0.000,41.7,134.6
2025-12-17 23:23:01.869,382,220,320.0,240.0,62.0,-20.0,25,False,True,1.240,0.400,1.240,0.000,42.9,134.6
2025-12-17 23:23:02.162,389,234,320.0,240.0,69.0,-6.0,25,False,True,1.380,0.120,1.380,0.000,44.3,134.6
2025-12-17 23:23:02.373,278,239,320.0,240.0,-42.0,-1.0,25,False,True,-0.840,0.020,-0.840,0.000,43.4,134.6
2025-12-17 23:23:02.485,282,239,320.0,240.0,-38.0,-1.0,25,False,True,-0.760,0.020,-0.760,0.000,42.7,134.6
2025-12-17 23:23:02.601,262,234,320.0,240.0,-58.0,-6.0,25,False,True,-1.160,0.120,-1.160,0.000,41.5,134.6
2025-12-17 23:23:02.650,318,235,320.0,240.0,-2.0,-5.0,25,True,True,-0.040,0.100,0.000,0.000,41.5,134.6
2025-12-17 23:23:02.914,271,232,320.0,240.0,-49.0,-8.0,25,False,True,-0.980,0.160,-0.980,0.000,40.5,134.6
2025-12-17 23:23:03.027,290,234,320.0,240.0,-30.0,-6.0,25,False,True,-0.600,0.120,-0.600,0.000,39.9,134.6
2025-12-17 23:23:03.260,369,238,320.0,240.0,49.0,-2.0,25,False,True,0.980,0.040,0.980,0.000,40.9,134.6
2025-12-17 23:23:03.493,346,234,320.0,240.0,26.0,-6.0,25,False,True,0.520,0.120,0.520,0.000,41.4,134.6
2025-12-17 23:23:03.541,322,238,320.0,240.0,2.0,-2.0,25,True,True,0.040,0.040,0.000,0.000,41.4,134.6
2025-12-17 23:23:03.706,283,228,320.0,240.0,-37.0,-12.0,25,False,True,-0.740,0.240,-0.740,0.000,40.7,134.6
2025-12-17 23:23:03.821,281,227,320.0,240.0,-39.0,-13.0,25,False,True,-0.780,0.260,-0.780,0.000,39.9,134.6
2025-12-17 23:23:04.056,352,232,320.0,240.0,32.0,-8.0,25,False,True,0.640,0.160,0.640,0.000,40.6,134.6
2025-12-17 23:23:04.292,390,230,320.0,240.0,70.0,-10.0,25,False,True,1.400,0.200,1.400,0.000,42.0,134.6
2025-12-17 23:23:04.345,326,233,320.0,240.0,6.0,-7.0,25,True,True,0.120,0.140,0.000,0.000,42.0,134.6
2025-12-17 23:23:04.568,284,225,320.0,240.0,-36.0,-15.0,25,False,True,-0.720,0.300,-0.720,0.000,41.2,134.6
2025-12-17 23:23:04.621,325,237,320.0,240.0,5.0,-3.0,25,True,True,0.100,0.060,0.000,0.000,41.2,134.6
2025-12-17 23:23:04.884,282,229,320.0,240.0,-38.0,-11.0,25,False,True,-0.760,0.220,-0.760,0.000,40.5,134.6
2025-12-17 23:23:04.939,298,224,320.0,240.0,-22.0,-16.0,25,True,True,-0.440,0.320,0.000,0.000,40.5,134.6
2025-12-17 23:23:05.318,366,234,320.0,240.0,46.0,-6.0,25,False,True,0.920,0.120,0.920,0.000,41.4,134.6
2025-12-17 23:23:05.667,314,228,320.0,240.0,-6.0,-12.0,25,True,True,-0.120,0.240,0.000,0.000,41.4,134.6
2025-12-17 23:23:05.766,306,229,320.0,240.0,-14.0,-11.0,25,True,True,-0.280,0.220,0.000,0.000,41.4,134.6
2025-12-17 23:23:05.865,312,230,320.0,240.0,-8.0,-10.0,25,True,True,-0.160,0.200,0.000,0.000,41.4,134.6
2025-12-17 23:23:05.966,311,229,320.0,240.0,-9.0,-11.0,25,True,True,-0.180,0.220,0.000,0.000,41.4,134.6
2025-12-17 23:23:06.067,322,228,320.0,240.0,2.0,-12.0,25,True,True,0.040,0.240,0.000,0.000,41.4,134.6
2025-12-17 23:23:06.169,326,223,320.0,240.0,6.0,-17.0,25,True,True,0.120,0.340,0.000,0.000,41.4,134.6
2025-12-17 23:23:06.268,322,222,320.0,240.0,2.0,-18.0,25,True,True,0.040,0.360,0.000,0.000,41.4,134.6
2025-12-17 23:23:06.367,296,225,320.0,240.0,-24.0,-15.0,25,True,True,-0.480,0.300,0.000,0.000,41.4,134.6
2025-12-17 23:23:06.466,307,218,320.0,240.0,-13.0,-22.0,25,True,True,-0.260,0.440,0.000,0.000,41.4,134.6
2025-12-17 23:23:06.566,310,237,320.0,240.0,-10.0,-3.0,25,True,True,-0.200,0.060,0.000,0.000,41.4,134.6
2025-12-17 23:23:06.666,305,219,320.0,240.0,-15.0,-21.0,25,True,True,-0.300,0.420,0.000,0.000,41.4,134.6
2025-12-17 23:23:06.766,297,224,320.0,240.0,-23.0,-16.0,25,True,True,-0.460,0.320,0.000,0.000,41.4,134.6
2025-12-17 23:23:06.933,287,224,320.0,240.0,-33.0,-16.0,25,False,True,-0.660,0.320,-0.660,0.000,40.7,134.6
2025-12-17 23:23:07.048,273,224,320.0,240.0,-47.0,-16.0,25,False,True,-0.940,0.320,-0.940,0.000,39.8,134.6
2025-12-17 23:23:07.096,325,227,320.0,240.0,5.0,-13.0,25,True,True,0.100,0.260,0.000,0.000,39.8,134.6
2025-12-17 23:23:07.381,375,217,320.0,240.0,55.0,-23.0,25,False,True,1.100,0.460,1.100,0.000,40.9,134.6
2025-12-17 23:23:07.529,301,215,320.0,240.0,-19.0,-25.0,25,True,True,-0.380,0.500,0.000,0.000,40.9,134.6
2025-12-17 23:23:07.753,283,228,320.0,240.0,-37.0,-12.0,25,False,True,-0.740,0.240,-0.740,0.000,40.2,134.6
2025-12-17 23:23:07.801,329,227,320.0,240.0,9.0,-13.0,25,True,True,0.180,0.260,0.000,0.000,40.2,134.6
2025-12-17 23:23:07.903,329,229,320.0,240.0,9.0,-11.0,25,True,True,0.180,0.220,0.000,0.000,40.2,134.6
2025-12-17 23:23:08.002,334,230,320.0,240.0,14.0,-10.0,25,True,True,0.280,0.200,0.000,0.000,40.2,134.6
2025-12-17 23:23:08.101,332,230,320.0,240.0,12.0,-10.0,25,True,True,0.240,0.200,0.000,0.000,40.2,134.6
2025-12-17 23:23:08.201,317,222,320.0,240.0,-3.0,-18.0,25,True,True,-0.060,0.360,0.000,0.000,40.2,134.6
2025-12-17 23:23:08.301,330,230,320.0,240.0,10.0,-10.0,25,True,True,0.200,0.200,0.000,0.000,40.2,134.6
2025-12-17 23:23:08.401,336,228,320.0,240.0,16.0,-12.0,25,True,True,0.320,0.240,0.000,0.000,40.2,134.6
2025-12-17 23:23:08.703,323,226,320.0,240.0,3.0,-14.0,25,True,True,0.060,0.280,0.000,0.000,40.2,134.6
2025-12-17 23:23:08.986,296,200,320.0,240.0,-24.0,-40.0,25,True,False,-0.480,0.800,0.000,0.800,40.2,135.0
2025-12-17 23:23:09.222,390,238,320.0,240.0,70.0,-2.0,25,False,True,1.400,0.040,1.400,0.000,41.6,135.0
2025-12-17 23:23:09.581,396,271,320.0,240.0,76.0,31.0,25,False,False,1.520,-0.620,1.520,-0.620,43.1,134.4
2025-12-17 23:23:09.817,357,289,320.0,240.0,37.0,49.0,25,False,False,0.740,-0.980,0.740,-0.980,43.8,133.4
2025-12-17 23:23:10.113,356,284,320.0,240.0,36.0,44.0,25,False,False,0.720,-0.880,0.720,-0.880,44.5,132.5
2025-12-17 23:23:10.509,362,295,320.0,240.0,42.0,55.0,25,False,False,0.840,-1.100,0.840,-1.100,45.4,131.4
2025-12-17 23:23:12.058,327,255,320.0,240.0,7.0,15.0,25,True,True,0.140,-0.300,0.000,0.000,45.4,131.4
2025-12-17 23:23:12.222,322,269,320.0,240.0,2.0,29.0,25,True,False,0.040,-0.580,0.000,-0.580,45.4,130.8
2025-12-17 23:23:12.269,314,251,320.0,240.0,-6.0,11.0,25,True,True,-0.120,-0.220,0.000,0.000,45.4,130.8
2025-12-17 23:23:12.436,276,225,320.0,240.0,-44.0,-15.0,25,False,True,-0.880,0.300,-0.880,0.000,44.5,130.8
2025-12-17 23:23:12.548,257,231,320.0,240.0,-63.0,-9.0,25,False,True,-1.260,0.180,-1.260,0.000,43.2,130.8
2025-12-17 23:23:12.906,433,286,320.0,240.0,113.0,46.0,25,False,False,2.260,-0.920,2.260,-0.920,45.5,129.9
2025-12-17 23:23:13.364,411,311,320.0,240.0,91.0,71.0,25,False,False,1.820,-1.420,1.820,-1.420,47.3,128.5
2025-12-17 23:23:13.782,121,408,320.0,240.0,-199.0,168.0,25,False,False,-3.980,-3.360,-3.000,-3.000,44.3,125.5
2025-12-17 23:23:16.763,539,345,320.0,240.0,219.0,105.0,25,False,False,4.380,-2.100,3.000,-2.100,47.3,123.4
2025-12-17 23:23:17.121,396,333,320.0,240.0,76.0,93.0,25,False,False,1.520,-1.860,1.520,-1.860,48.8,121.5
2025-12-17 23:23:17.601,517,334,320.0,240.0,197.0,94.0,25,False,False,3.940,-1.880,3.000,-1.880,51.8,119.7
2025-12-17 23:23:18.022,78,424,320.0,240.0,-242.0,184.0,25,False,False,-4.840,-3.680,-3.000,-3.000,48.8,116.7
2025-12-17 23:23:18.440,405,341,320.0,240.0,85.0,101.0,25,False,False,1.700,-2.020,1.700,-2.020,50.5,114.6
2025-12-17 23:23:18.918,503,358,320.0,240.0,183.0,118.0,25,False,False,3.660,-2.360,3.000,-2.360,53.5,112.3
2025-12-17 23:23:19.460,485,360,320.0,240.0,165.0,120.0,25,False,False,3.300,-2.400,3.000,-2.400,56.5,109.9
2025-12-17 23:23:19.877,48,442,320.0,240.0,-272.0,202.0,25,False,False,-5.440,-4.040,-3.000,-3.000,53.5,106.9
2025-12-17 23:23:20.295,71,428,320.0,240.0,-249.0,188.0,25,False,False,-4.980,-3.760,-3.000,-3.000,50.5,103.9
2025-12-17 23:23:20.715,93,415,320.0,240.0,-227.0,175.0,25,False,False,-4.540,-3.500,-3.000,-3.000,47.5,100.9
2025-12-17 23:23:21.136,112,405,320.0,240.0,-208.0,165.0,25,False,False,-4.160,-3.300,-3.000,-3.000,44.5,97.9
2025-12-17 23:23:23.716,559,372,320.0,240.0,239.0,132.0,25,False,False,4.780,-2.640,3.000,-2.640,47.5,95.2
2025-12-17 23:23:24.133,398,352,320.0,240.0,78.0,112.0,25,False,False,1.560,-2.240,1.560,-2.240,49.1,93.0
2025-12-17 23:23:24.551,88,417,320.0,240.0,-232.0,177.0,25,False,False,-4.640,-3.540,-3.000,-3.000,46.1,90.0
2025-12-17 23:23:24.969,404,354,320.0,240.0,84.0,114.0,25,False,False,1.680,-2.280,1.680,-2.280,47.8,87.7
2025-12-17 23:23:25.586,104,408,320.0,240.0,-216.0,168.0,25,False,False,-4.320,-3.360,-3.000,-3.000,44.8,84.7
2025-12-17 23:23:26.010,420,364,320.0,240.0,100.0,124.0,25,False,False,2.000,-2.480,2.000,-2.480,46.8,82.2
2025-12-17 23:23:26.555,533,361,320.0,240.0,213.0,121.0,25,False,False,4.260,-2.420,3.000,-2.420,49.8,79.8
2025-12-17 23:23:26.979,88,416,320.0,240.0,-232.0,176.0,25,False,False,-4.640,-3.520,-3.000,-3.000,46.8,76.8
2025-12-17 23:23:29.498,571,293,320.0,240.0,251.0,53.0,25,False,False,5.020,-1.060,3.000,-1.060,49.8,75.8
2025-12-17 23:23:29.792,386,239,320.0,240.0,66.0,-1.0,25,False,True,1.320,0.020,1.320,0.000,51.1,75.8
2025-12-17 23:23:30.314,107,211,320.0,240.0,-213.0,-29.0,25,False,False,-4.260,0.580,-3.000,0.580,48.1,76.3
2025-12-17 23:23:30.362,341,239,320.0,240.0,21.0,-1.0,25,True,True,0.420,0.020,0.000,0.000,48.1,76.3
2025-12-17 23:23:30.462,329,239,320.0,240.0,9.0,-1.0,25,True,True,0.180,0.020,0.000,0.000,48.1,76.3
2025-12-17 23:23:30.562,318,240,320.0,240.0,-2.0,0.0,25,True,True,-0.040,-0.000,0.000,0.000,48.1,76.3
2025-12-17 23:23:30.662,326,239,320.0,240.0,6.0,-1.0,25,True,True,0.120,0.020,0.000,0.000,48.1,76.3
2025-12-17 23:23:30.762,330,239,320.0,240.0,10.0,-1.0,25,True,True,0.200,0.020,0.000,0.000,48.1,76.3
2025-12-17 23:23:31.170,486,239,320.0,240.0,166.0,-1.0,25,False,True,3.320,0.020,3.000,0.000,51.1,76.3
2025-12-17 23:23:31.218,321,239,320.0,240.0,1.0,-1.0,25,True,True,0.020,0.020,0.000,0.000,51.1,76.3
2025-12-17 23:23:31.563,440,240,320.0,240.0,120.0,0.0,25,False,True,2.400,-0.000,2.400,0.000,53.5,76.3
2025-12-17 23:23:31.611,309,239,320.0,240.0,-11.0,-1.0,25,True,True,-0.220,0.020,0.000,0.000,53.5,76.3
2025-12-17 23:23:31.713,343,238,320.0,240.0,23.0,-2.0,25,True,True,0.460,0.040,0.000,0.000,53.5,76.3
2025-12-17 23:23:31.997,351,239,320.0,240.0,31.0,-1.0,25,False,True,0.620,0.020,0.620,0.000,54.1,76.3
2025-12-17 23:23:32.048,327,239,320.0,240.0,7.0,-1.0,25,True,True,0.140,0.020,0.000,0.000,54.1,76.3
2025-12-17 23:23:32.147,323,238,320.0,240.0,3.0,-2.0,25,True,True,0.060,0.040,0.000,0.000,54.1,76.3
2025-12-17 23:23:32.371,254,239,320.0,240.0,-66.0,-1.0,25,False,True,-1.320,0.020,-1.320,0.000,52.8,76.3
2025-12-17 23:23:32.486,276,237,320.0,240.0,-44.0,-3.0,25,False,True,-0.880,0.060,-0.880,0.000,51.9,76.3
2025-12-17 23:23:32.780,379,239,320.0,240.0,59.0,-1.0,25,False,True,1.180,0.020,1.180,0.000,53.1,76.3
2025-12-17 23:23:33.016,381,239,320.0,240.0,61.0,-1.0,25,False,True,1.220,0.020,1.220,0.000,54.3,76.3
2025-12-17 23:23:33.250,386,238,320.0,240.0,66.0,-2.0,25,False,True,1.320,0.040,1.320,0.000,55.6,76.3
2025-12-17 23:23:33.544,397,239,320.0,240.0,77.0,-1.0,25,False,True,1.540,0.020,1.540,0.000,57.2,76.3
2025-12-17 23:23:33.777,365,239,320.0,240.0,45.0,-1.0,25,False,True,0.900,0.020,0.900,0.000,58.1,76.3
2025-12-17 23:23:33.951,366,240,320.0,240.0,46.0,0.0,25,False,True,0.920,-0.000,0.920,0.000,59.0,76.3
